Objective,Articles,ArticlesProp,MedianCovs,ProbPoly,ProbInt,ProbEval,ProbSelect
Methods,24,0.2857142857142857,4.5,0.16666666666666666,0.16666666666666666,0.041666666666666664,0.5416666666666666
Any,84,1,11,0.2261904761904762,0.2261904761904762,0.08333333333333333,0.7261904761904762
Drivers,26,0.30952380952380953,17.5,0.3076923076923077,0.23076923076923078,0.07692307692307693,0.8461538461538461
Parameters,25,0.2976190476190476,10,0.24,0.2,0.08,0.84
Predict,8,0.09523809523809523,17,0.25,0.375,0,0.875
Hypothesis,42,0.5,12.5,0.21428571428571427,0.2857142857142857,0.09523809523809523,0.7857142857142857
